{"data":{"links":[{"positionStart":[0,0,0],"linkLength":0.15782775931466042,"rotationStart":[0,0,0],"type":"rev"},{"positionStart":[0,0.15782775931466042,0],"rotationStart":[0,1.5707963267948966,0],"linkLength":0.4295549502771594,"type":"tr"},{"positionStart":[0,0.5873827095918198,0],"rotationStart":[0,3.141592653589793,0],"linkLength":0.2,"type":"fix"}],"base":{"isActive":true,"type":"x"}}}